gene,variant,class,score
TP53,G105R,P,0.048028336
TP53,G105S,P,-1.894181759
TP53,Y107H,B,-1.3684145840000002
TP53,G108S,B,-2.0586325
TP53,F109C,P,-0.334980878
TP53,F109I,P,-0.088685913
TP53,R110H,B,-1.790946896
TP53,R110L,P,-0.116265246
TP53,R110P,P,0.476612074
TP53,F113C,P,-0.210577022
TP53,F113I,P,-0.261177093
TP53,F113L,P,-1.929208292
TP53,H115R,B,-3.978137856
TP53,V122M,B,-2.941846953
TP53,C124S,B,-3.027425108
TP53,C124W,B,-2.413533249
TP53,T125K,P,-0.489938737
TP53,T125R,P,-0.278926931
TP53,S127C,P,-1.990577977
TP53,S127F,P,0.322858081
TP53,S127P,P,0.175221302
TP53,S127Y,P,-0.113208604
TP53,A129D,B,-2.7300762510000003
TP53,L130H,P,0.510493776
TP53,L130P,P,0.120130531
TP53,N131I,P,0.298770461
TP53,N131Y,P,0.385317403
TP53,K132N,P,0.298690226
TP53,K132R,P,0.464526875
TP53,M133T,P,0.06245416
TP53,F134C,P,0.221243699
TP53,F134I,P,0.185552662
TP53,C135F,P,-0.242534082
TP53,C135G,P,0.287461216
TP53,C135R,P,0.201596144
TP53,C135S,P,-0.7034819959999999
TP53,A138P,P,0.386777613
TP53,C141W,P,-0.005975929
TP53,C141Y,P,-0.045887445
TP53,V143A,P,0.243956669
TP53,V143M,P,-1.330711575
TP53,V147G,P,-0.687843268
TP53,P151R,P,-0.318906261
TP53,P151S,P,0.377522677
TP53,P151T,P,-0.8556390290000001
TP53,P152L,P,-1.153766734
TP53,P152R,P,-0.273961594
TP53,T155N,P,-0.500637173
TP53,R156P,P,-0.6249977720000001
TP53,V157F,P,0.498261609
TP53,V157G,P,0.371926405
TP53,V157I,B,-2.423702763
TP53,R158G,P,0.300880685
TP53,R158H,P,-0.597958145
TP53,R158L,P,0.009134955
TP53,R158P,P,0.05796877
TP53,R158S,P,-2.104587678
TP53,A159D,P,0.369568118
TP53,A159V,P,0.308574132
TP53,M160I,B,-2.7664013780000003
TP53,A161T,P,-0.357392682
TP53,Y163C,P,0.125449375
TP53,S166T,B,-3.25629215
TP53,H168L,P,0.023749832
TP53,H168P,P,-0.316211254
TP53,T170M,B,-2.752953014
TP53,E171G,P,-0.424413618
TP53,V173A,P,0.102322676
TP53,V173L,P,0.302740551
TP53,V173M,P,0.265312565
TP53,R174K,B,-2.648117255
TP53,R175G,P,0.384918889
TP53,R175H,P,0.239839399
TP53,R175L,P,-1.546523749
TP53,C176F,P,0.19435669
TP53,C176Y,P,-0.6150337060000001
TP53,P177R,P,-0.4306598170000001
TP53,H178D,P,0.027701333
TP53,H178Q,P,-1.113235666
TP53,H179D,P,0.197420058
TP53,H179Q,P,0.09670004
TP53,H179Y,P,0.606344384
TP53,E180K,P,-0.99503485
TP53,R181H,P,-2.110077955
TP53,R181P,P,0.145879483
TP53,S183P,B,-2.747340261
TP53,S185N,B,-2.883245188
TP53,S185R,B,-2.629240202
TP53,D186E,B,-2.553263157
TP53,D186N,B,-1.736005696
TP53,P190L,P,0.051115294
TP53,P191R,B,-2.145557464
TP53,Q192H,B,-2.555537647
TP53,H193N,P,0.175903018
TP53,H193P,P,-0.202979922
TP53,H193R,P,0.378593059
TP53,H193Y,P,0.353528038
TP53,L194F,P,0.07683362099999999
TP53,I195T,P,0.410418259
TP53,R196P,P,-0.137850036
TP53,G199V,P,-0.01429701
TP53,E204D,B,-2.173012178
TP53,Y205C,P,0.23421848
TP53,Y205D,P,0.38233168
TP53,Y205H,P,-0.101960107
TP53,D207E,B,-2.497694847
TP53,D208N,B,-1.926162217
TP53,N210S,B,-2.6487604
TP53,F212S,B,-2.568082845
TP53,R213P,P,-0.209140899
TP53,R213Q,P,-0.761899445
TP53,H214R,P,-0.064663568
TP53,V216M,P,0.299357973
TP53,V218E,P,0.316411054
TP53,Y220C,P,0.168632969
TP53,Y220H,P,0.073800014
TP53,Y220S,P,0.457798434
TP53,D228Y,B,-1.943324675
TP53,I232N,P,0.382992601
TP53,I232S,P,0.365496177
TP53,I232T,P,0.14491198800000002
TP53,Y234C,P,0.398423817
TP53,Y234D,P,0.559085493
TP53,Y234H,P,0.373604579
TP53,Y234N,P,0.287078686
TP53,N235S,B,-2.152664698
TP53,Y236H,P,0.297186304
TP53,M237I,P,0.125503135
TP53,M237K,P,0.374898746
TP53,C238F,P,0.004202455
TP53,C238G,P,0.08665436800000001
TP53,C238R,P,0.155807933
TP53,C238S,P,0.244475837
TP53,C238W,P,0.084124751
TP53,C238Y,P,0.388081274
TP53,N239S,P,0.172085717
TP53,S240G,P,-0.7375057890000001
TP53,S241A,P,-0.181242316
TP53,S241C,P,-0.130681635
TP53,S241F,P,0.015334425
TP53,S241T,P,-0.098461913
TP53,S241Y,P,-0.204799764
TP53,C242W,P,-1.596039669
TP53,C242Y,P,0.225188097
TP53,G244A,P,0.29651430300000003
TP53,G244D,P,0.050849404
TP53,G244S,P,0.3614254000000001
TP53,G244V,P,0.23966661600000003
TP53,G245C,P,0.375388776
TP53,G245D,P,0.29089887
TP53,G245S,P,0.157954141
TP53,G245V,P,0.36018415600000003
TP53,M246I,P,-1.305971731
TP53,M246K,P,-0.371840819
TP53,M246V,P,-0.7256673579999999
TP53,R248G,P,0.196277065
TP53,R248L,P,0.268494008
TP53,R248P,P,0.393215888
TP53,R248Q,P,0.108320044
TP53,R248W,P,0.050890719
TP53,R249S,P,0.41172363
TP53,R249T,P,0.554818284
TP53,P250L,P,-0.021257401
TP53,I251F,P,-0.148245029
TP53,I251L,P,-0.084527506
TP53,T253A,P,-0.20697382600000008
TP53,I254N,P,-0.117204092
TP53,I254V,B,-2.125613321
TP53,E258K,P,0.404598596
TP53,S260Y,B,-1.964991157
TP53,N263S,B,-2.158294734
TP53,L265P,P,-0.317063532
TP53,L265Q,P,-0.564336176
TP53,G266E,P,0.653348786
TP53,G266R,P,0.153086642
TP53,R267G,P,0.093051176
TP53,R267W,P,-0.645608308
TP53,F270C,P,0.2197344
TP53,F270S,P,0.096294982
TP53,F270V,P,-0.246976398
TP53,E271V,P,-0.6356462620000001
TP53,V272L,P,0.394759285
TP53,V272M,P,0.136193811
TP53,R273C,P,-0.12754301099999998
TP53,R273G,P,0.4104839220000001
TP53,R273H,P,0.392768379
TP53,R273L,P,0.236592213
TP53,R273P,P,0.50506499
TP53,R273S,P,-0.030712077
TP53,V274I,B,-2.0130352989999998
TP53,C275F,P,0.299175166
TP53,C275W,P,0.34532005600000004
TP53,C275Y,P,0.405502556
TP53,A276G,P,-0.062554556
TP53,P278L,P,0.304812677
TP53,P278S,P,0.16959628100000002
TP53,P278T,P,0.474350314
TP53,R280S,P,-0.020468252
TP53,R280T,P,0.115583945
TP53,D281A,P,-0.913859855
TP53,D281E,P,-0.027161226
TP53,D281G,P,-0.036592938
TP53,D281H,P,0.107009737
TP53,D281N,P,-0.002384322
TP53,D281V,P,-0.570577068
TP53,D281Y,P,0.361463777
TP53,R282G,P,0.528856389
TP53,R282P,P,0.196663667
TP53,R282W,P,0.164519647
TP53,R283C,B,-1.5004263130000002
TP53,T284I,B,-1.849160535
TP53,E285K,P,0.228999631
TP53,E285V,P,-0.404978366
TP53,E286A,P,-0.446629079
TP53,E286K,P,0.270351761
TP53,L289P,B,-2.008372158
TP53,R290C,B,-1.986653179
TP53,R290H,B,-1.543016196
TP53,K292R,B,-2.140749274
